<?xml version="1.0" encoding="UTF-8"?>
<!DOCTYPE mapper PUBLIC "-//mybatis.org//DTD Mapper 3.0//EN" "http://mybatis.org/dtd/mybatis-3-mapper.dtd">

<mapper namespace="com.streamxhub.streamx.console.core.dao.ApplicationBackUpMapper">
    <resultMap id="BaseResultMap" type="com.streamxhub.streamx.console.core.entity.ApplicationBackUp">
        <id column="ID" jdbcType="BIGINT" property="id"/>
        <result column="APP_ID" jdbcType="BIGINT" property="appId"/>
        <result column="SQL_ID" jdbcType="BIGINT" property="sqlId"/>
        <result column="CONFIG_ID" jdbcType="BIGINT" property="configId"/>
        <result column="PATH" jdbcType="VARCHAR" property="path"/>
        <result column="VERSION" jdbcType="INTEGER" property="version"/>
        <result column="DESCRIPTION" jdbcType="VARCHAR" property="description"/>
        <result column="CREATE_TIME" jdbcType="DATE" property="createTime"/>
    </resultMap>
</mapper>
