<?xml version="1.0" encoding="UTF-8"?>
<!DOCTYPE mapper PUBLIC "-//mybatis.org//DTD Mapper 3.0//EN" "http://mybatis.org/dtd/mybatis-3-mapper.dtd">
<mapper namespace="com.streamxhub.streamx.console.core.dao.SavePointMapper">
    <resultMap id="BaseResultMap" type="com.streamxhub.streamx.console.core.entity.SavePoint">
        <id column="ID" jdbcType="BIGINT" property="id"/>
        <result column="APP_ID" jdbcType="VARCHAR" property="appId"/>
        <result column="LATEST" jdbcType="BOOLEAN" property="latest"/>
        <result column="TYPE" jdbcType="INTEGER" property="type"/>
        <result column="PATH" jdbcType="VARCHAR" property="path"/>
        <result column="TRIGGER_TIME" jdbcType="DATE" property="triggerTime"/>
        <result column="CREATE_TIME" jdbcType="DATE" property="createTime"/>
    </resultMap>
</mapper>
