<assembly>
    <id>bin</id>
    <formats>
        <format>tar.gz</format>
    </formats>

    <dependencySets>
        <dependencySet>
            <unpack>false</unpack>
            <scope>runtime</scope>
            <useProjectArtifact>true</useProjectArtifact>
            <outputDirectory>lib</outputDirectory>
            <excludes>
                <exclude>com.streamxhub.streamx:streamx-jvm-profiler</exclude>
                <exclude>com.streamxhub.streamx:streamx-flink-sqlclient</exclude>
                <exclude>javax.servlet:servlet-api</exclude>
            </excludes>
        </dependencySet>
        <dependencySet>
            <outputDirectory>plugins</outputDirectory>
            <includes>
                <include>com.streamxhub.streamx:streamx-jvm-profiler</include>
                <include>com.streamxhub.streamx:streamx-flink-sqlclient</include>
            </includes>
        </dependencySet>
    </dependencySets>

    <fileSets>
        <fileSet>
            <directory>src/assembly/bin</directory>
            <outputDirectory>bin</outputDirectory>
            <fileMode>0755</fileMode>
        </fileSet>
        <fileSet>
            <directory>${project.build.directory}/lib</directory>
            <outputDirectory>lib</outputDirectory>
            <fileMode>0755</fileMode>
        </fileSet>
        <fileSet>
            <directory>${project.build.directory}/shims</directory>
            <outputDirectory>lib</outputDirectory>
            <fileMode>0755</fileMode>
        </fileSet>
        <fileSet>
            <directory>src/assembly/logs</directory>
            <outputDirectory>logs</outputDirectory>
            <fileMode>0755</fileMode>
        </fileSet>
        <fileSet>
            <directory>src/assembly/temp</directory>
            <outputDirectory>temp</outputDirectory>
            <fileMode>0777</fileMode>
        </fileSet>
        <fileSet>
            <directory>src/assembly/plugins</directory>
            <outputDirectory>plugins</outputDirectory>
            <fileMode>0755</fileMode>
        </fileSet>
        <fileSet>
            <directory>src/main/resources</directory>
            <outputDirectory>conf</outputDirectory>
            <fileMode>0755</fileMode>
            <includes>
                <include>*.*</include>
            </includes>
        </fileSet>
    </fileSets>

</assembly>
